method,horizon,forecast_quarter,target_quarter,train_start,train_end,actual,forecast,forecast_error,squared_error,absolute_error,selected_variables,lambda
AR,1,2005 Q2,2005 Q3,1985 Q2,2005 Q1,0.7807581701131383,0.7152765634975627,0.06548160661557556,0.004287840804956989,0.06548160661557556,0,NA
LASSO,1,2005 Q2,2005 Q3,1985 Q2,2005 Q1,0.7807581701131383,0.735332505813675,0.045425664299463264,0.0020634909770475313,0.045425664299463264,4,0.1367432087761957
Elastic net,1,2005 Q2,2005 Q3,1985 Q2,2005 Q1,0.7807581701131383,0.7292826777717044,0.05147549234143389,0.002649726311793019,0.05147549234143389,4,0.26105603779260916
Ridge,1,2005 Q2,2005 Q3,1985 Q2,2005 Q1,0.7807581701131383,0.8496339859338295,-0.06887581582069124,0.004743878004965782,0.06887581582069124,NA,1.9839098255638432
Threshold ridge,1,2005 Q2,2005 Q3,1985 Q2,2005 Q1,0.7807581701131383,0.7799470800383177,8.110900748206085e-4,6.578671094725003e-7,8.110900748206085e-4,13,1.9839098255638432
Post-threshold ridge,1,2005 Q2,2005 Q3,1985 Q2,2005 Q1,0.7807581701131383,0.9373074532574411,-0.15654928314430283,0.0245076780529951,0.15654928314430283,13,1.9839098255638432
OCMT,1,2005 Q2,2005 Q3,1985 Q2,2005 Q1,0.7807581701131383,0.9598834966236687,-0.17912532651053037,0.03208588259750411,0.17912532651053037,2,NA
BMT,1,2005 Q2,2005 Q3,1985 Q2,2005 Q1,0.7807581701131383,0.9252612868792015,-0.1445031167660632,0.020881150755106496,0.1445031167660632,1,NA
AR,1,2005 Q3,2005 Q4,1985 Q3,2005 Q2,0.5539792372076136,0.7773315465225326,-0.223352309314919,0.04988625407630726,0.223352309314919,0,NA
LASSO,1,2005 Q3,2005 Q4,1985 Q3,2005 Q2,0.5539792372076136,0.7773315465225326,-0.223352309314919,0.04988625407630726,0.223352309314919,0,0.19943344082579925
Elastic net,1,2005 Q3,2005 Q4,1985 Q3,2005 Q2,0.5539792372076136,0.7773315465225326,-0.223352309314919,0.04988625407630726,0.223352309314919,0,0.39886688165159845
Ridge,1,2005 Q3,2005 Q4,1985 Q3,2005 Q2,0.5539792372076136,0.7155141111862405,-0.16153487397862698,0.0260935155112909,0.16153487397862698,NA,1.994334408258
Threshold ridge,1,2005 Q3,2005 Q4,1985 Q3,2005 Q2,0.5539792372076136,0.6875861302863173,-0.13360689307870377,0.017850801878144182,0.13360689307870377,14,1.994334408258
Post-threshold ridge,1,2005 Q3,2005 Q4,1985 Q3,2005 Q2,0.5539792372076136,0.5695262495469599,-0.0155470123393463,2.417095926797861e-4,0.0155470123393463,14,1.994334408258
OCMT,1,2005 Q3,2005 Q4,1985 Q3,2005 Q2,0.5539792372076136,0.7229059937415809,-0.16892675653396738,0.02853624907308629,0.16892675653396738,2,NA
BMT,1,2005 Q3,2005 Q4,1985 Q3,2005 Q2,0.5539792372076136,0.7201223080846233,-0.16614307087700975,0.027603520000443083,0.16614307087700975,1,NA
AR,1,2005 Q4,2006 Q1,1985 Q4,2005 Q3,1.3364138447713003,0.7214470281354362,0.6149668166358642,0.37818418556324856,0.6149668166358642,0,NA
LASSO,1,2005 Q4,2006 Q1,1985 Q4,2005 Q3,1.3364138447713003,0.721447028135436,0.6149668166358643,0.37818418556324873,0.6149668166358643,0,0.19802257598932776
Elastic net,1,2005 Q4,2006 Q1,1985 Q4,2005 Q3,1.3364138447713003,0.721447028135436,0.6149668166358643,0.37818418556324873,0.6149668166358643,0,0.3960451519786554
Ridge,1,2005 Q4,2006 Q1,1985 Q4,2005 Q3,1.3364138447713003,0.720688578805002,0.6157252659662983,0.37911760314926873,0.6157252659662983,NA,1.9802257598932855
Threshold ridge,1,2005 Q4,2006 Q1,1985 Q4,2005 Q3,1.3364138447713003,0.7425032532365059,0.5939105915347944,0.3527297907372094,0.5939105915347944,14,1.9802257598932855
Post-threshold ridge,1,2005 Q4,2006 Q1,1985 Q4,2005 Q3,1.3364138447713003,0.31716042482911894,1.0192534199421814,1.0388775340638328,1.0192534199421814,14,1.9802257598932855
OCMT,1,2005 Q4,2006 Q1,1985 Q4,2005 Q3,1.3364138447713003,0.9869929624177995,0.3494208823535008,0.12209495302469903,0.3494208823535008,2,NA
BMT,1,2005 Q4,2006 Q1,1985 Q4,2005 Q3,1.3364138447713003,1.098909478408809,0.2375043663624914,0.056408324041248535,0.2375043663624914,1,NA
AR,1,2006 Q1,2006 Q2,1986 Q1,2005 Q4,0.25841857488995146,0.9158363404196515,-0.6574177655297,0.4321981184340636,0.6574177655297,0,NA
LASSO,1,2006 Q1,2006 Q2,1986 Q1,2005 Q4,0.25841857488995146,0.9158363404196515,-0.6574177655297,0.4321981184340636,0.6574177655297,0,0.20085062303140144
Elastic net,1,2006 Q1,2006 Q2,1986 Q1,2005 Q4,0.25841857488995146,0.9158363404196515,-0.6574177655297,0.4321981184340636,0.6574177655297,0,0.4017012460628029
Ridge,1,2006 Q1,2006 Q2,1986 Q1,2005 Q4,0.25841857488995146,1.0549312444324934,-0.796512669542542,0.6344324327417866,0.796512669542542,NA,2.008506230314024
Threshold ridge,1,2006 Q1,2006 Q2,1986 Q1,2005 Q4,0.25841857488995146,0.8890285906381415,-0.6306100157481901,0.39766899196193256,0.6306100157481901,17,2.008506230314024
Post-threshold ridge,1,2006 Q1,2006 Q2,1986 Q1,2005 Q4,0.25841857488995146,1.1435159973016624,-0.885097422411711,0.7833974471598547,0.885097422411711,17,2.008506230314024
OCMT,1,2006 Q1,2006 Q2,1986 Q1,2005 Q4,0.25841857488995146,0.9884021560594335,-0.729983581169482,0.5328760287770218,0.729983581169482,2,NA
BMT,1,2006 Q1,2006 Q2,1986 Q1,2005 Q4,0.25841857488995146,1.051767771328206,-0.7933491964382546,0.6294029474892243,0.7933491964382546,1,NA
AR,1,2006 Q2,2006 Q3,1986 Q2,2006 Q1,0.14984360400802643,0.6621032126001023,-0.5122596085920759,0.26240990659490676,0.5122596085920759,0,NA
LASSO,1,2006 Q2,2006 Q3,1986 Q2,2006 Q1,0.14984360400802643,0.6621032126001023,-0.5122596085920759,0.26240990659490676,0.5122596085920759,1,0.1994447804224923
Elastic net,1,2006 Q2,2006 Q3,1986 Q2,2006 Q1,0.14984360400802643,0.6621032126001023,-0.5122596085920759,0.26240990659490676,0.5122596085920759,1,0.39888956084498456
Ridge,1,2006 Q2,2006 Q3,1986 Q2,2006 Q1,0.14984360400802643,0.8903287162165935,-0.740485112208567,0.5483182014025342,0.740485112208567,NA,1.994447804224933
Threshold ridge,1,2006 Q2,2006 Q3,1986 Q2,2006 Q1,0.14984360400802643,0.7327452863297483,-0.5829016823217219,0.3397743712534936,0.5829016823217219,13,1.994447804224933
Post-threshold ridge,1,2006 Q2,2006 Q3,1986 Q2,2006 Q1,0.14984360400802643,0.6515741857616015,-0.5017305817535751,0.2517335766667809,0.5017305817535751,13,1.994447804224933
OCMT,1,2006 Q2,2006 Q3,1986 Q2,2006 Q1,0.14984360400802643,0.7058137523836843,-0.5559701483756578,0.309102805884851,0.5559701483756578,2,NA
BMT,1,2006 Q2,2006 Q3,1986 Q2,2006 Q1,0.14984360400802643,0.4627445077013133,-0.3129009036932869,0.09790697553207559,0.3129009036932869,1,NA
AR,1,2006 Q3,2006 Q4,1986 Q3,2006 Q2,0.8557775565416037,0.6176607767032284,0.23811677983837531,0.0566996008405973,0.23811677983837531,0,NA
LASSO,1,2006 Q3,2006 Q4,1986 Q3,2006 Q2,0.8557775565416037,0.5850978087892383,0.27067974775236536,0.07326752584328414,0.27067974775236536,2,0.16948475366466492
Elastic net,1,2006 Q3,2006 Q4,1986 Q3,2006 Q2,0.8557775565416037,0.5910007130342368,0.26477684350736685,0.07010677685772464,0.26477684350736685,3,0.32356282007663406
Ridge,1,2006 Q3,2006 Q4,1986 Q3,2006 Q2,0.8557775565416037,0.5099174585770783,0.34586009796452544,0.11961920736403113,0.34586009796452544,NA,2.0414498580897726
Threshold ridge,1,2006 Q3,2006 Q4,1986 Q3,2006 Q2,0.8557775565416037,0.6040177027794481,0.2517598537621556,0.06338302396634198,0.2517598537621556,16,2.0414498580897726
Post-threshold ridge,1,2006 Q3,2006 Q4,1986 Q3,2006 Q2,0.8557775565416037,0.509305657115558,0.3464718994260457,0.12004277709189194,0.3464718994260457,16,2.0414498580897726
OCMT,1,2006 Q3,2006 Q4,1986 Q3,2006 Q2,0.8557775565416037,0.4192058828433912,0.4365716736982125,0.19059482627565852,0.4365716736982125,1,NA
BMT,1,2006 Q3,2006 Q4,1986 Q3,2006 Q2,0.8557775565416037,0.4192058828433912,0.4365716736982125,0.19059482627565852,0.4365716736982125,1,NA
AR,1,2006 Q4,2007 Q1,1986 Q4,2006 Q3,0.3003840617131104,0.7938921818854954,-0.493508120172385,0.24355026467608118,0.493508120172385,0,NA
LASSO,1,2006 Q4,2007 Q1,1986 Q4,2006 Q3,0.3003840617131104,0.7938921818854955,-0.4935081201723851,0.2435502646760813,0.4935081201723851,0,0.19882187553958072
Elastic net,1,2006 Q4,2007 Q1,1986 Q4,2006 Q3,0.3003840617131104,0.7938921818854955,-0.4935081201723851,0.2435502646760813,0.4935081201723851,1,0.3976437510791614
Ridge,1,2006 Q4,2007 Q1,1986 Q4,2006 Q3,0.3003840617131104,0.7659229017666326,-0.4655388400535222,0.2167264115983789,0.4655388400535222,NA,1.9882187553958168
Threshold ridge,1,2006 Q4,2007 Q1,1986 Q4,2006 Q3,0.3003840617131104,0.787400375687724,-0.48701631397461365,0.23718489007741947,0.48701631397461365,15,1.9882187553958168
Post-threshold ridge,1,2006 Q4,2007 Q1,1986 Q4,2006 Q3,0.3003840617131104,0.7279456141286123,-0.42756155241550187,0.18280888110395396,0.42756155241550187,15,1.9882187553958168
OCMT,1,2006 Q4,2007 Q1,1986 Q4,2006 Q3,0.3003840617131104,0.8479403551817943,-0.547556293468684,0.29981789451716356,0.547556293468684,2,NA
BMT,1,2006 Q4,2007 Q1,1986 Q4,2006 Q3,0.3003840617131104,0.9968760379280511,-0.6964919762149407,0.4851010729317936,0.6964919762149407,1,NA
AR,1,2007 Q1,2007 Q2,1987 Q1,2006 Q4,0.6098982914680917,0.6569153426264104,-0.04701705115831867,0.0022106030996239547,0.04701705115831867,0,NA
LASSO,1,2007 Q1,2007 Q2,1987 Q1,2006 Q4,0.6098982914680917,0.6569153426264105,-0.04701705115831878,0.002210603099623965,0.04701705115831878,0,0.1948258339506912
Elastic net,1,2007 Q1,2007 Q2,1987 Q1,2006 Q4,0.6098982914680917,0.6569153426264105,-0.04701705115831878,0.002210603099623965,0.04701705115831878,0,0.38965166790138245
Ridge,1,2007 Q1,2007 Q2,1987 Q1,2006 Q4,0.6098982914680917,0.5574179034477275,0.052480388020364255,0.002754191126767992,0.052480388020364255,NA,1.9482583395069206
Threshold ridge,1,2007 Q1,2007 Q2,1987 Q1,2006 Q4,0.6098982914680917,0.7054350158810889,-0.09553672441299721,0.009127265711564978,0.09553672441299721,16,1.9482583395069206
Post-threshold ridge,1,2007 Q1,2007 Q2,1987 Q1,2006 Q4,0.6098982914680917,0.6630464074481575,-0.05314811598006575,0.00282472223223052,0.05314811598006575,16,1.9482583395069206
OCMT,1,2007 Q1,2007 Q2,1987 Q1,2006 Q4,0.6098982914680917,0.9318253405196046,-0.3219270490515129,0.10363702491101522,0.3219270490515129,2,NA
BMT,1,2007 Q1,2007 Q2,1987 Q1,2006 Q4,0.6098982914680917,0.8867579544557087,-0.276859662987617,0.07665127298961685,0.276859662987617,1,NA
AR,1,2007 Q2,2007 Q3,1987 Q2,2007 Q1,0.5743731109307149,0.7248639511377956,-0.1504908402070807,0.022647492986233097,0.1504908402070807,0,NA
LASSO,1,2007 Q2,2007 Q3,1987 Q2,2007 Q1,0.5743731109307149,0.7248639511377954,-0.1504908402070806,0.022647492986233062,0.1504908402070806,1,0.19415949478829528
Elastic net,1,2007 Q2,2007 Q3,1987 Q2,2007 Q1,0.5743731109307149,0.7248639511377954,-0.1504908402070806,0.022647492986233062,0.1504908402070806,0,0.3883189895765906
Ridge,1,2007 Q2,2007 Q3,1987 Q2,2007 Q1,0.5743731109307149,0.5839991757970467,-0.009626064866331885,9.266112481082908e-5,0.009626064866331885,NA,1.9415949478829622
Threshold ridge,1,2007 Q2,2007 Q3,1987 Q2,2007 Q1,0.5743731109307149,0.6922585836419228,-0.11788547271120797,0.01389698467634496,0.11788547271120797,15,1.9415949478829622
Post-threshold ridge,1,2007 Q2,2007 Q3,1987 Q2,2007 Q1,0.5743731109307149,0.4691017794137342,0.10527133151698065,0.011082053239358043,0.10527133151698065,15,1.9415949478829622
OCMT,1,2007 Q2,2007 Q3,1987 Q2,2007 Q1,0.5743731109307149,0.42061893902885394,0.15375417190186091,0.023640345377226996,0.15375417190186091,2,NA
BMT,1,2007 Q2,2007 Q3,1987 Q2,2007 Q1,0.5743731109307149,0.5851681002010942,-0.010794989270379363,1.1653179334760556e-4,0.010794989270379363,1,NA
AR,1,2007 Q3,2007 Q4,1987 Q3,2007 Q2,0.6262715512194816,0.7141006442871183,-0.08782909306763664,0.007713949589083579,0.08782909306763664,0,NA
LASSO,1,2007 Q3,2007 Q4,1987 Q3,2007 Q2,0.6262715512194816,0.7141006442871183,-0.08782909306763664,0.007713949589083579,0.08782909306763664,1,0.19424327650130052
Elastic net,1,2007 Q3,2007 Q4,1987 Q3,2007 Q2,0.6262715512194816,0.7141006442871183,-0.08782909306763664,0.007713949589083579,0.08782909306763664,0,0.38848655300260115
Ridge,1,2007 Q3,2007 Q4,1987 Q3,2007 Q2,0.6262715512194816,0.6353539350064,-0.009082383786918391,8.248969525287806e-5,0.009082383786918391,NA,1.942432765013015
Threshold ridge,1,2007 Q3,2007 Q4,1987 Q3,2007 Q2,0.6262715512194816,0.7105830466679995,-0.0843114954485179,0.007108428264765455,0.0843114954485179,15,1.942432765013015
Post-threshold ridge,1,2007 Q3,2007 Q4,1987 Q3,2007 Q2,0.6262715512194816,0.4527944980745125,0.17347705314496914,0.030094287967862447,0.17347705314496914,15,1.942432765013015
OCMT,1,2007 Q3,2007 Q4,1987 Q3,2007 Q2,0.6262715512194816,0.48393151835911086,0.14234003286037078,0.020260684954691435,0.14234003286037078,2,NA
BMT,1,2007 Q3,2007 Q4,1987 Q3,2007 Q2,0.6262715512194816,0.5343690616153345,0.09190248960414715,0.008446067595440376,0.09190248960414715,1,NA
AR,1,2007 Q4,2008 Q1,1987 Q4,2007 Q3,-0.42767755900321447,0.714301761972539,-1.1419793209757536,1.3041167695362432,1.1419793209757536,0,NA
LASSO,1,2007 Q4,2008 Q1,1987 Q4,2007 Q3,-0.42767755900321447,0.714301761972539,-1.1419793209757536,1.3041167695362432,1.1419793209757536,0,0.1832647504016869
Elastic net,1,2007 Q4,2008 Q1,1987 Q4,2007 Q3,-0.42767755900321447,0.714301761972539,-1.1419793209757536,1.3041167695362432,1.1419793209757536,0,0.3665295008033739
Ridge,1,2007 Q4,2008 Q1,1987 Q4,2007 Q3,-0.42767755900321447,0.6253031951181016,-1.052980754121316,1.1087684685498955,1.052980754121316,NA,5.863128934767591
Threshold ridge,1,2007 Q4,2008 Q1,1987 Q4,2007 Q3,-0.42767755900321447,0.6792666946639492,-1.1069442536671636,1.225325580726754,1.1069442536671636,15,5.863128934767591
Post-threshold ridge,1,2007 Q4,2008 Q1,1987 Q4,2007 Q3,-0.42767755900321447,0.29672061365970676,-0.7243981726629212,0.5247527125573793,0.7243981726629212,15,5.863128934767591
OCMT,1,2007 Q4,2008 Q1,1987 Q4,2007 Q3,-0.42767755900321447,0.49393831234124463,-0.9216158713444591,0.8493758143140065,0.9216158713444591,1,NA
BMT,1,2007 Q4,2008 Q1,1987 Q4,2007 Q3,-0.42767755900321447,0.49393831234124463,-0.9216158713444591,0.8493758143140065,0.9216158713444591,1,NA
AR,1,2008 Q1,2008 Q2,1988 Q1,2007 Q4,0.5936625931315831,0.4272410388315812,0.16642155430000188,0.027696133735628476,0.16642155430000188,0,NA
LASSO,1,2008 Q1,2008 Q2,1988 Q1,2007 Q4,0.5936625931315831,0.448312653402871,0.14534993972871207,0.02112660497914023,0.14534993972871207,2,0.15007104801220916
Elastic net,1,2008 Q1,2008 Q2,1988 Q1,2007 Q4,0.5936625931315831,0.44848249714028,0.1451800959913031,0.021077260272043985,0.1451800959913031,3,0.2734782994398889
Ridge,1,2008 Q1,2008 Q2,1988 Q1,2007 Q4,0.5936625931315831,0.29181971460584094,0.30184287852574215,0.09110912331670594,0.30184287852574215,NA,1.983850935607614
Threshold ridge,1,2008 Q1,2008 Q2,1988 Q1,2007 Q4,0.5936625931315831,0.4230425317890086,0.17062006134257451,0.02911120533254389,0.17062006134257451,14,1.983850935607614
Post-threshold ridge,1,2008 Q1,2008 Q2,1988 Q1,2007 Q4,0.5936625931315831,-0.12887481894440567,0.7225374120759888,0.5220603118494672,0.7225374120759888,14,1.983850935607614
OCMT,1,2008 Q1,2008 Q2,1988 Q1,2007 Q4,0.5936625931315831,0.508545168841984,0.08511742428959912,0.007244975917695638,0.08511742428959912,1,NA
BMT,1,2008 Q1,2008 Q2,1988 Q1,2007 Q4,0.5936625931315831,0.508545168841984,0.08511742428959912,0.007244975917695638,0.08511742428959912,1,NA
AR,1,2008 Q2,2008 Q3,1988 Q2,2008 Q1,-0.5266423802783748,0.6883598154393776,-1.2150021957177524,1.4762303355989594,1.2150021957177524,0,NA
LASSO,1,2008 Q2,2008 Q3,1988 Q2,2008 Q1,-0.5266423802783748,0.6883598154393775,-1.2150021957177524,1.4762303355989594,1.2150021957177524,1,0.19489748437592405
Elastic net,1,2008 Q2,2008 Q3,1988 Q2,2008 Q1,-0.5266423802783748,0.9700574876656549,-1.4966998679440298,2.2401104947036763,1.4966998679440298,2,0.3236146310272385
Ridge,1,2008 Q2,2008 Q3,1988 Q2,2008 Q1,-0.5266423802783748,0.652619729112888,-1.1792621093912627,1.3906591226459306,1.1792621093912627,NA,1.9489748437592502
Threshold ridge,1,2008 Q2,2008 Q3,1988 Q2,2008 Q1,-0.5266423802783748,1.0524586512297862,-1.579101031508161,2.4935600677101384,1.579101031508161,15,1.9489748437592502
Post-threshold ridge,1,2008 Q2,2008 Q3,1988 Q2,2008 Q1,-0.5266423802783748,1.043494672457495,-1.5701370527358698,2.4653303643740836,1.5701370527358698,15,1.9489748437592502
OCMT,1,2008 Q2,2008 Q3,1988 Q2,2008 Q1,-0.5266423802783748,3.065519890362234,-3.5921622706406087,12.903629778613894,3.5921622706406087,2,NA
BMT,1,2008 Q2,2008 Q3,1988 Q2,2008 Q1,-0.5266423802783748,3.9231447511610513,-4.449787131439426,19.800605515123916,4.449787131439426,1,NA
AR,1,2008 Q3,2008 Q4,1988 Q3,2008 Q2,-2.2133412739485436,0.3680767255615691,-2.581417999510113,6.6637188881947935,2.581417999510113,0,NA
LASSO,1,2008 Q3,2008 Q4,1988 Q3,2008 Q2,-2.2133412739485436,0.36807672556156923,-2.581417999510113,6.6637188881947935,2.581417999510113,0,0.19434461560385982
Elastic net,1,2008 Q3,2008 Q4,1988 Q3,2008 Q2,-2.2133412739485436,0.36807672556156923,-2.581417999510113,6.6637188881947935,2.581417999510113,0,0.3886892312077196
Ridge,1,2008 Q3,2008 Q4,1988 Q3,2008 Q2,-2.2133412739485436,0.33920651390621515,-2.552547787854759,6.515500209282223,2.552547787854759,NA,1.943446156038607
Threshold ridge,1,2008 Q3,2008 Q4,1988 Q3,2008 Q2,-2.2133412739485436,0.5281079306464717,-2.7414492045950154,7.515543741374643,2.7414492045950154,14,1.943446156038607
Post-threshold ridge,1,2008 Q3,2008 Q4,1988 Q3,2008 Q2,-2.2133412739485436,-0.10181700116901879,-2.111524272779525,4.4585347545371015,2.111524272779525,14,1.943446156038607
OCMT,1,2008 Q3,2008 Q4,1988 Q3,2008 Q2,-2.2133412739485436,0.5488985061285085,-2.762239780077052,7.629968602640121,2.762239780077052,1,NA
BMT,1,2008 Q3,2008 Q4,1988 Q3,2008 Q2,-2.2133412739485436,0.5488985061285085,-2.762239780077052,7.629968602640121,2.762239780077052,1,NA
AR,1,2008 Q4,2009 Q1,1988 Q4,2008 Q3,-1.1413631359902254,-0.5536528918499409,-0.5877102441402845,0.3454033310674328,0.5877102441402845,0,NA
LASSO,1,2008 Q4,2009 Q1,1988 Q4,2008 Q3,-1.1413631359902254,-0.5536528918499415,-0.5877102441402839,0.34540333106743215,0.5877102441402839,0,0.20226236973680004
Elastic net,1,2008 Q4,2009 Q1,1988 Q4,2008 Q3,-1.1413631359902254,-0.5536528918499415,-0.5877102441402839,0.34540333106743215,0.5877102441402839,0,0.40452473947360007
Ridge,1,2008 Q4,2009 Q1,1988 Q4,2008 Q3,-1.1413631359902254,-2.039212682782842,0.8978495467926164,0.8061338086757067,0.8978495467926164,NA,2.02262369736801
Threshold ridge,1,2008 Q4,2009 Q1,1988 Q4,2008 Q3,-1.1413631359902254,-1.2339456681522338,0.0925825321620084,0.00857152526152932,0.0925825321620084,21,2.02262369736801
Post-threshold ridge,1,2008 Q4,2009 Q1,1988 Q4,2008 Q3,-1.1413631359902254,-4.989519699946473,3.8481565639562474,14.808308940719552,3.8481565639562474,21,2.02262369736801
OCMT,1,2008 Q4,2009 Q1,1988 Q4,2008 Q3,-1.1413631359902254,-2.0372922386928973,0.8959291027026719,0.8026889570696149,0.8959291027026719,2,NA
BMT,1,2008 Q4,2009 Q1,1988 Q4,2008 Q3,-1.1413631359902254,-0.9586773187628266,-0.18268581722739885,0.03337410781604258,0.18268581722739885,1,NA
AR,1,2009 Q1,2009 Q2,1989 Q1,2008 Q4,-0.178810721762801,-0.2105740637132053,0.03176334195040431,0.0010089098918583143,0.03176334195040431,0,NA
LASSO,1,2009 Q1,2009 Q2,1989 Q1,2008 Q4,-0.178810721762801,-0.21057406371320508,0.03176334195040409,0.0010089098918583002,0.03176334195040409,0,0.19398533191908676
Elastic net,1,2009 Q1,2009 Q2,1989 Q1,2008 Q4,-0.178810721762801,-0.21057406371320508,0.03176334195040409,0.0010089098918583002,0.03176334195040409,0,0.38797066383817347
Ridge,1,2009 Q1,2009 Q2,1989 Q1,2008 Q4,-0.178810721762801,-1.5299699818715362,1.3511592601087352,1.8256313461775848,1.3511592601087352,NA,2.1289866230495935
Threshold ridge,1,2009 Q1,2009 Q2,1989 Q1,2008 Q4,-0.178810721762801,-0.21869974765642364,0.03988902589362264,0.0015911343867420977,0.03988902589362264,17,2.1289866230495935
Post-threshold ridge,1,2009 Q1,2009 Q2,1989 Q1,2008 Q4,-0.178810721762801,-2.2454672964418676,2.0666565746790666,4.2710693976642125,2.0666565746790666,17,2.1289866230495935
OCMT,1,2009 Q1,2009 Q2,1989 Q1,2008 Q4,-0.178810721762801,-0.9368674978936422,0.7580567761308412,0.5746500758378843,0.7580567761308412,2,NA
BMT,1,2009 Q1,2009 Q2,1989 Q1,2008 Q4,-0.178810721762801,-1.0944000656140422,0.9155893438512412,0.8383038465739465,0.9155893438512412,1,NA
AR,1,2009 Q2,2009 Q3,1989 Q2,2009 Q1,0.3505771547139602,0.2439452595686859,0.10663189514527432,0.011370361062272778,0.10663189514527432,0,NA
LASSO,1,2009 Q2,2009 Q3,1989 Q2,2009 Q1,0.3505771547139602,0.24394525956868607,0.10663189514527416,0.011370361062272743,0.10663189514527416,0,0.19074344997431616
Elastic net,1,2009 Q2,2009 Q3,1989 Q2,2009 Q1,0.3505771547139602,0.24394525956868604,0.10663189514527419,0.011370361062272748,0.10663189514527419,1,0.3814868999486323
Ridge,1,2009 Q2,2009 Q3,1989 Q2,2009 Q1,0.3505771547139602,-0.6494054264631773,0.9999825811771376,0.9999651626576905,0.9999825811771376,NA,2.2975116077523894
Threshold ridge,1,2009 Q2,2009 Q3,1989 Q2,2009 Q1,0.3505771547139602,0.20464241280121304,0.1459347419127472,0.021296948897140133,0.1459347419127472,17,2.2975116077523894
Post-threshold ridge,1,2009 Q2,2009 Q3,1989 Q2,2009 Q1,0.3505771547139602,-0.6372141002664955,0.9877912549804557,0.9757315634158636,0.9877912549804557,17,2.2975116077523894
OCMT,1,2009 Q2,2009 Q3,1989 Q2,2009 Q1,0.3505771547139602,-0.07556354814294702,0.42614070285690725,0.18159589863137893,0.42614070285690725,2,NA
BMT,1,2009 Q2,2009 Q3,1989 Q2,2009 Q1,0.3505771547139602,0.3057049548451448,0.04487219986881541,0.0020135143210669175,0.04487219986881541,1,NA
AR,1,2009 Q3,2009 Q4,1989 Q3,2009 Q2,1.0751135379244658,0.49364071249699437,0.5814728254274715,0.3381106467106067,0.5814728254274715,0,NA
LASSO,1,2009 Q3,2009 Q4,1989 Q3,2009 Q2,1.0751135379244658,0.49364071249699437,0.5814728254274715,0.3381106467106067,0.5814728254274715,0,0.1903672475025026
Elastic net,1,2009 Q3,2009 Q4,1989 Q3,2009 Q2,1.0751135379244658,0.4936407124969943,0.5814728254274715,0.3381106467106067,0.5814728254274715,1,0.38073449500500506
Ridge,1,2009 Q3,2009 Q4,1989 Q3,2009 Q2,1.0751135379244658,0.11612798887449154,0.9589855490499744,0.9196532832866807,0.9589855490499744,NA,3.031184926139414
Threshold ridge,1,2009 Q3,2009 Q4,1989 Q3,2009 Q2,1.0751135379244658,0.4066395300556823,0.6684740078687835,0.4468574991961545,0.6684740078687835,18,3.031184926139414
Post-threshold ridge,1,2009 Q3,2009 Q4,1989 Q3,2009 Q2,1.0751135379244658,-0.41969204936047194,1.4948055872849377,2.2344437437782676,1.4948055872849377,18,3.031184926139414
OCMT,1,2009 Q3,2009 Q4,1989 Q3,2009 Q2,1.0751135379244658,0.8519242350182052,0.2231893029062606,0.04981346493178255,0.2231893029062606,1,NA
BMT,1,2009 Q3,2009 Q4,1989 Q3,2009 Q2,1.0751135379244658,0.8519242350182052,0.2231893029062606,0.04981346493178255,0.2231893029062606,1,NA
AR,1,2009 Q4,2010 Q1,1989 Q4,2009 Q3,0.483331022067901,0.8433914047278321,-0.3600603826599311,0.12964347916121602,0.3600603826599311,0,NA
LASSO,1,2009 Q4,2010 Q1,1989 Q4,2009 Q3,0.483331022067901,0.843391404727832,-0.360060382659931,0.12964347916121594,0.360060382659931,1,0.18414080255049753
Elastic net,1,2009 Q4,2010 Q1,1989 Q4,2009 Q3,0.483331022067901,0.843391404727832,-0.360060382659931,0.12964347916121594,0.360060382659931,0,0.36828160510099517
Ridge,1,2009 Q4,2010 Q1,1989 Q4,2009 Q3,0.483331022067901,0.8228266496738643,-0.3394956276059633,0.11525728116356691,0.3394956276059633,NA,3.371136161935085
Threshold ridge,1,2009 Q4,2010 Q1,1989 Q4,2009 Q3,0.483331022067901,0.7848920155420188,-0.3015609934741178,0.09093903278509692,0.3015609934741178,16,3.371136161935085
Post-threshold ridge,1,2009 Q4,2010 Q1,1989 Q4,2009 Q3,0.483331022067901,1.1055567172342886,-0.6222256951663876,0.3871648157252943,0.6222256951663876,16,3.371136161935085
OCMT,1,2009 Q4,2010 Q1,1989 Q4,2009 Q3,0.483331022067901,0.8462601222363297,-0.3629291001684287,0.13171753174906536,0.3629291001684287,1,NA
BMT,1,2009 Q4,2010 Q1,1989 Q4,2009 Q3,0.483331022067901,0.8462601222363297,-0.3629291001684287,0.13171753174906536,0.3629291001684287,1,NA
AR,1,2010 Q1,2010 Q2,1990 Q1,2009 Q4,0.9629349822608546,0.55602253860718,0.4069124436536746,0.16557773680020493,0.4069124436536746,0,NA
LASSO,1,2010 Q1,2010 Q2,1990 Q1,2009 Q4,0.9629349822608546,0.5560225386071801,0.4069124436536745,0.16557773680020485,0.4069124436536745,0,0.1821179008311374
Elastic net,1,2010 Q1,2010 Q2,1990 Q1,2009 Q4,0.9629349822608546,0.5560225386071801,0.4069124436536745,0.16557773680020485,0.4069124436536745,0,0.3642358016622749
Ridge,1,2010 Q1,2010 Q2,1990 Q1,2009 Q4,0.9629349822608546,0.7014532430458689,0.26148173921498574,0.06837269994289381,0.26148173921498574,NA,3.659172967077911
Threshold ridge,1,2010 Q1,2010 Q2,1990 Q1,2009 Q4,0.9629349822608546,0.7444333173023054,0.21850166495854917,0.04774297758965807,0.21850166495854917,19,3.659172967077911
Post-threshold ridge,1,2010 Q1,2010 Q2,1990 Q1,2009 Q4,0.9629349822608546,1.2559532512317901,-0.2930182689709355,0.08585970595072352,0.2930182689709355,19,3.659172967077911
OCMT,1,2010 Q1,2010 Q2,1990 Q1,2009 Q4,0.9629349822608546,0.8051333476339653,0.15780163462688934,0.02490135589091828,0.15780163462688934,1,NA
BMT,1,2010 Q1,2010 Q2,1990 Q1,2009 Q4,0.9629349822608546,0.8051333476339653,0.15780163462688934,0.02490135589091828,0.15780163462688934,1,NA
AR,1,2010 Q2,2010 Q3,1990 Q2,2010 Q1,0.7681272705003295,0.7925764935416106,-0.024449223041281165,5.977645073223138e-4,0.024449223041281165,0,NA
LASSO,1,2010 Q2,2010 Q3,1990 Q2,2010 Q1,0.7681272705003295,0.7925764935416104,-0.024449223041280943,5.97764507322303e-4,0.024449223041280943,0,0.18380914639755225
Elastic net,1,2010 Q2,2010 Q3,1990 Q2,2010 Q1,0.7681272705003295,0.7925764935416104,-0.024449223041280943,5.97764507322303e-4,0.024449223041280943,0,0.3676182927951045
Ridge,1,2010 Q2,2010 Q3,1990 Q2,2010 Q1,0.7681272705003295,0.7783318562119463,-0.010204585711616865,1.0413356954573508e-4,0.010204585711616865,NA,3.212117035108939
Threshold ridge,1,2010 Q2,2010 Q3,1990 Q2,2010 Q1,0.7681272705003295,0.82562919689969,-0.05750192639936058,0.0033064715396374815,0.05750192639936058,18,3.212117035108939
Post-threshold ridge,1,2010 Q2,2010 Q3,1990 Q2,2010 Q1,0.7681272705003295,1.1954784837214314,-0.4273512132211019,0.18262905944154773,0.4273512132211019,18,3.212117035108939
OCMT,1,2010 Q2,2010 Q3,1990 Q2,2010 Q1,0.7681272705003295,1.080976376633863,-0.31284910613353345,0.09787456320855088,0.31284910613353345,2,NA
BMT,1,2010 Q2,2010 Q3,1990 Q2,2010 Q1,0.7681272705003295,0.7479780095448485,0.020149260955480974,4.0599271705207005e-4,0.020149260955480974,1,NA
AR,1,2010 Q3,2010 Q4,1990 Q3,2010 Q2,0.523736364445071,0.7054311543456171,-0.1816947899005461,0.03301299667700359,0.1816947899005461,0,NA
LASSO,1,2010 Q3,2010 Q4,1990 Q3,2010 Q2,0.523736364445071,0.7054311543456173,-0.18169478990054633,0.03301299667700367,0.18169478990054633,0,0.1844173182172027
Elastic net,1,2010 Q3,2010 Q4,1990 Q3,2010 Q2,0.523736364445071,0.7054311543456173,-0.18169478990054633,0.03301299667700367,0.18169478990054633,1,0.3688346364344052
Ridge,1,2010 Q3,2010 Q4,1990 Q3,2010 Q2,0.523736364445071,0.6621050390870625,-0.13836867464199154,0.019145890122181312,0.13836867464199154,NA,2.1203510169271986
Threshold ridge,1,2010 Q3,2010 Q4,1990 Q3,2010 Q2,0.523736364445071,0.5939276021146251,-0.07019123766955415,0.004926809845583838,0.07019123766955415,17,2.1203510169271986
Post-threshold ridge,1,2010 Q3,2010 Q4,1990 Q3,2010 Q2,0.523736364445071,0.10809818013672187,0.4156381843083491,0.17275510025514118,0.4156381843083491,17,2.1203510169271986
OCMT,1,2010 Q3,2010 Q4,1990 Q3,2010 Q2,0.523736364445071,0.757682546418413,-0.23394618197334205,0.05473081605990407,0.23394618197334205,2,NA
BMT,1,2010 Q3,2010 Q4,1990 Q3,2010 Q2,0.523736364445071,0.7518496623407062,-0.22811329789563517,0.052035676676822795,0.22811329789563517,1,NA
AR,1,2010 Q4,2011 Q1,1990 Q4,2010 Q3,-0.23748667360496967,0.6076206809275714,-0.845107354532541,0.7142064406849901,0.845107354532541,0,NA
LASSO,1,2010 Q4,2011 Q1,1990 Q4,2010 Q3,-0.23748667360496967,0.6076206809275714,-0.845107354532541,0.7142064406849901,0.845107354532541,1,0.19199296256890225
Elastic net,1,2010 Q4,2011 Q1,1990 Q4,2010 Q3,-0.23748667360496967,0.6076206809275714,-0.845107354532541,0.7142064406849901,0.845107354532541,0,0.3839859251378046
Ridge,1,2010 Q4,2011 Q1,1990 Q4,2010 Q3,-0.23748667360496967,0.5647834857471559,-0.8022701593521255,0.6436374085868849,0.8022701593521255,NA,1.9199296256890337
Threshold ridge,1,2010 Q4,2011 Q1,1990 Q4,2010 Q3,-0.23748667360496967,0.8016269803040056,-1.0391136539089754,1.0797571857400619,1.0391136539089754,17,1.9199296256890337
Post-threshold ridge,1,2010 Q4,2011 Q1,1990 Q4,2010 Q3,-0.23748667360496967,1.1882129855015127,-1.4256996591064823,2.03261951797634,1.4256996591064823,17,1.9199296256890337
OCMT,1,2010 Q4,2011 Q1,1990 Q4,2010 Q3,-0.23748667360496967,1.1875338392743766,-1.4250205128793463,2.030683462126915,1.4250205128793463,3,NA
BMT,1,2010 Q4,2011 Q1,1990 Q4,2010 Q3,-0.23748667360496967,0.9734341720336586,-1.2109208456386282,1.4663292944021704,1.2109208456386282,1,NA
AR,1,2011 Q1,2011 Q2,1991 Q1,2010 Q4,0.6743037468666557,0.27954074008711616,0.39476300677953957,0.1558378315216228,0.39476300677953957,0,NA
LASSO,1,2011 Q1,2011 Q2,1991 Q1,2010 Q4,0.6743037468666557,0.27954074008711594,0.3947630067795398,0.15583783152162298,0.3947630067795398,0,0.19484994687998014
Elastic net,1,2011 Q1,2011 Q2,1991 Q1,2010 Q4,0.6743037468666557,0.2795407400871159,0.39476300677953985,0.15583783152162303,0.39476300677953985,1,0.3896998937599601
Ridge,1,2011 Q1,2011 Q2,1991 Q1,2010 Q4,0.6743037468666557,0.2040530168651982,0.47025073000145756,0.22113574906690375,0.47025073000145756,NA,1.948499468799812
Threshold ridge,1,2011 Q1,2011 Q2,1991 Q1,2010 Q4,0.6743037468666557,0.7031362831073116,-0.02883253624065585,8.313151460687329e-4,0.02883253624065585,16,1.948499468799812
Post-threshold ridge,1,2011 Q1,2011 Q2,1991 Q1,2010 Q4,0.6743037468666557,1.0759693763127847,-0.40166562944612894,0.16133527787835497,0.40166562944612894,16,1.948499468799812
OCMT,1,2011 Q1,2011 Q2,1991 Q1,2010 Q4,0.6743037468666557,0.6456352978405794,0.028668449026076348,8.218799695607379e-4,0.028668449026076348,2,NA
BMT,1,2011 Q1,2011 Q2,1991 Q1,2010 Q4,0.6743037468666557,0.18955221347431345,0.4847515333923423,0.23498404912622714,0.4847515333923423,1,NA
AR,1,2011 Q2,2011 Q3,1991 Q2,2011 Q1,-0.0223152255784953,0.666927330657163,-0.6892425562356583,0.4750553013262646,0.6892425562356583,0,NA
LASSO,1,2011 Q2,2011 Q3,1991 Q2,2011 Q1,-0.0223152255784953,0.666927330657163,-0.6892425562356583,0.4750553013262646,0.6892425562356583,0,0.20038463407175286
Elastic net,1,2011 Q2,2011 Q3,1991 Q2,2011 Q1,-0.0223152255784953,0.666927330657163,-0.6892425562356583,0.4750553013262646,0.6892425562356583,0,0.4007692681435058
Ridge,1,2011 Q2,2011 Q3,1991 Q2,2011 Q1,-0.0223152255784953,0.7181671611134839,-0.7404823866919792,0.5483141650010498,0.7404823866919792,NA,2.0038463407175393
Threshold ridge,1,2011 Q2,2011 Q3,1991 Q2,2011 Q1,-0.0223152255784953,0.6989387927403823,-0.7212540183188776,0.5202073589411278,0.7212540183188776,15,2.0038463407175393
Post-threshold ridge,1,2011 Q2,2011 Q3,1991 Q2,2011 Q1,-0.0223152255784953,0.8412769285029065,-0.8635921540814018,0.7457914085909556,0.8635921540814018,15,2.0038463407175393
OCMT,1,2011 Q2,2011 Q3,1991 Q2,2011 Q1,-0.0223152255784953,0.7291130128845624,-0.7514282384630577,0.564644397559694,0.7514282384630577,3,NA
BMT,1,2011 Q2,2011 Q3,1991 Q2,2011 Q1,-0.0223152255784953,0.5938508942654627,-0.616166119843958,0.3796606872435588,0.616166119843958,1,NA
AR,1,2011 Q3,2011 Q4,1991 Q3,2011 Q2,1.1167896811464573,0.35565271770210366,0.7611369634443537,0.5793294771212913,0.7611369634443537,0,NA
LASSO,1,2011 Q3,2011 Q4,1991 Q3,2011 Q2,1.1167896811464573,0.3556527177021039,0.7611369634443534,0.579329477121291,0.7611369634443534,1,0.2066120133022976
Elastic net,1,2011 Q3,2011 Q4,1991 Q3,2011 Q2,1.1167896811464573,0.35565271770210377,0.7611369634443534,0.579329477121291,0.7611369634443534,1,0.4132240266045952
Ridge,1,2011 Q3,2011 Q4,1991 Q3,2011 Q2,1.1167896811464573,0.5667603603597691,0.5500293207866882,0.30253225372506554,0.5500293207866882,NA,4.556065017661554
Threshold ridge,1,2011 Q3,2011 Q4,1991 Q3,2011 Q2,1.1167896811464573,0.6096516924272612,0.507137988719196,0.2571889396021514,0.507137988719196,16,4.556065017661554
Post-threshold ridge,1,2011 Q3,2011 Q4,1991 Q3,2011 Q2,1.1167896811464573,1.2455236445156026,-0.12873396336914533,0.016572433324728453,0.12873396336914533,16,4.556065017661554
OCMT,1,2011 Q3,2011 Q4,1991 Q3,2011 Q2,1.1167896811464573,0.7483692432493003,0.36842043789715695,0.13573361906033288,0.36842043789715695,2,NA
BMT,1,2011 Q3,2011 Q4,1991 Q3,2011 Q2,1.1167896811464573,0.7257223799995174,0.3910673011469399,0.15293363402635138,0.3910673011469399,1,NA
AR,1,2011 Q4,2012 Q1,1991 Q4,2011 Q3,0.8350941818790147,0.8592791060814088,-0.024184924202394043,5.849105586755451e-4,0.024184924202394043,0,NA
LASSO,1,2011 Q4,2012 Q1,1991 Q4,2011 Q3,0.8350941818790147,0.8592791060814087,-0.02418492420239393,5.849105586755398e-4,0.02418492420239393,0,0.21686039665459808
Elastic net,1,2011 Q4,2012 Q1,1991 Q4,2011 Q3,0.8350941818790147,0.8592791060814087,-0.02418492420239393,5.849105586755398e-4,0.02418492420239393,0,0.4337207933091962
Ridge,1,2011 Q4,2012 Q1,1991 Q4,2011 Q3,0.8350941818790147,0.8298175391779571,0.005276642701057654,2.784295819462502e-5,0.005276642701057654,NA,12.701558578180107
Threshold ridge,1,2011 Q4,2012 Q1,1991 Q4,2011 Q3,0.8350941818790147,0.8207166192915744,0.014377562587440385,2.0671430595576546e-4,0.014377562587440385,18,12.701558578180107
Post-threshold ridge,1,2011 Q4,2012 Q1,1991 Q4,2011 Q3,0.8350941818790147,0.7501132540156229,0.08498092786339184,0.007221758100523008,0.08498092786339184,18,12.701558578180107
OCMT,1,2011 Q4,2012 Q1,1991 Q4,2011 Q3,0.8350941818790147,0.6874927417085925,0.1476014401704222,0.021786185140382726,0.1476014401704222,3,NA
BMT,1,2011 Q4,2012 Q1,1991 Q4,2011 Q3,0.8350941818790147,0.6072689196617831,0.22782526221723165,0.05190435010435036,0.22782526221723165,1,NA
AR,1,2012 Q1,2012 Q2,1992 Q1,2011 Q4,0.4453416266322563,0.7333096970885221,-0.2879680704562658,0.08292560960230488,0.2879680704562658,0,NA
LASSO,1,2012 Q1,2012 Q2,1992 Q1,2011 Q4,0.4453416266322563,0.7333096970885219,-0.2879680704562656,0.08292560960230475,0.2879680704562656,1,0.22124903769628515
Elastic net,1,2012 Q1,2012 Q2,1992 Q1,2011 Q4,0.4453416266322563,0.733309697088522,-0.2879680704562657,0.08292560960230481,0.2879680704562657,0,0.44249807539257036
Ridge,1,2012 Q1,2012 Q2,1992 Q1,2011 Q4,0.4453416266322563,0.6845057759654748,-0.2391641493332185,0.05719949032628204,0.2391641493332185,NA,2.2124903769628648
Threshold ridge,1,2012 Q1,2012 Q2,1992 Q1,2011 Q4,0.4453416266322563,0.7094262647560681,-0.2640846381238118,0.06974069609298462,0.2640846381238118,16,2.2124903769628648
Post-threshold ridge,1,2012 Q1,2012 Q2,1992 Q1,2011 Q4,0.4453416266322563,0.7864531237435047,-0.34111149711124844,0.11635705346147725,0.34111149711124844,16,2.2124903769628648
OCMT,1,2012 Q1,2012 Q2,1992 Q1,2011 Q4,0.4453416266322563,0.5939355299392026,-0.14859390330694633,0.022080148099994115,0.14859390330694633,3,NA
BMT,1,2012 Q1,2012 Q2,1992 Q1,2011 Q4,0.4453416266322563,0.7171143938746449,-0.27177276724238864,0.07386043701458556,0.27177276724238864,1,NA
AR,1,2012 Q2,2012 Q3,1992 Q2,2012 Q1,0.14392437648620415,0.5619163455170932,-0.4179919690308891,0.17471728617431975,0.4179919690308891,0,NA
LASSO,1,2012 Q2,2012 Q3,1992 Q2,2012 Q1,0.14392437648620415,0.5619163455170932,-0.4179919690308891,0.17471728617431975,0.4179919690308891,1,0.2214078278624357
Elastic net,1,2012 Q2,2012 Q3,1992 Q2,2012 Q1,0.14392437648620415,0.5619163455170932,-0.4179919690308891,0.17471728617431975,0.4179919690308891,1,0.4428156557248714
Ridge,1,2012 Q2,2012 Q3,1992 Q2,2012 Q1,0.14392437648620415,0.44033126723039817,-0.296406890744194,0.08785704488064057,0.296406890744194,NA,2.2140782786243673
Threshold ridge,1,2012 Q2,2012 Q3,1992 Q2,2012 Q1,0.14392437648620415,0.6113254018793395,-0.4674010253931353,0.21846371853855434,0.4674010253931353,16,2.2140782786243673
Post-threshold ridge,1,2012 Q2,2012 Q3,1992 Q2,2012 Q1,0.14392437648620415,0.5910531905405585,-0.44712881405435434,0.1999241763576534,0.44712881405435434,16,2.2140782786243673
OCMT,1,2012 Q2,2012 Q3,1992 Q2,2012 Q1,0.14392437648620415,0.6155574521347992,-0.471633075648595,0.22243775804575336,0.471633075648595,3,NA
BMT,1,2012 Q2,2012 Q3,1992 Q2,2012 Q1,0.14392437648620415,0.5957645323388715,-0.45184015585266735,0.20415952644096272,0.45184015585266735,1,NA
AR,1,2012 Q3,2012 Q4,1992 Q3,2012 Q2,0.11557374157504796,0.4271815670485961,-0.31160782547354815,0.09709943689635324,0.31160782547354815,0,NA
LASSO,1,2012 Q3,2012 Q4,1992 Q3,2012 Q2,0.11557374157504796,0.4271815670485963,-0.3116078254735483,0.09709943689635335,0.3116078254735483,0,0.22130614941931356
Elastic net,1,2012 Q3,2012 Q4,1992 Q3,2012 Q2,0.11557374157504796,0.4271815670485963,-0.3116078254735483,0.09709943689635335,0.3116078254735483,0,0.4426122988386271
Ridge,1,2012 Q3,2012 Q4,1992 Q3,2012 Q2,0.11557374157504796,0.42218627239035506,-0.3066125308153071,0.09401124405296764,0.3066125308153071,NA,2.2130614941931475
Threshold ridge,1,2012 Q3,2012 Q4,1992 Q3,2012 Q2,0.11557374157504796,0.5830408483496521,-0.4674671067746041,0.21852549591621914,0.4674671067746041,17,2.2130614941931475
Post-threshold ridge,1,2012 Q3,2012 Q4,1992 Q3,2012 Q2,0.11557374157504796,0.555316073994204,-0.43974233241915606,0.19337331892143955,0.43974233241915606,17,2.2130614941931475
OCMT,1,2012 Q3,2012 Q4,1992 Q3,2012 Q2,0.11557374157504796,0.4111109507132258,-0.2955372091381778,0.08734224198518306,0.2955372091381778,3,NA
BMT,1,2012 Q3,2012 Q4,1992 Q3,2012 Q2,0.11557374157504796,0.20058483236051144,-0.08501109078546348,0.007226885556534314,0.08501109078546348,1,NA
AR,1,2012 Q4,2013 Q1,1992 Q4,2012 Q3,0.9817259265515688,0.4069687542279763,0.5747571723235925,0.3303458071374118,0.5747571723235925,0,NA
LASSO,1,2012 Q4,2013 Q1,1992 Q4,2012 Q3,0.9817259265515688,0.4069687542279763,0.5747571723235925,0.3303458071374118,0.5747571723235925,0,0.23028480691336534
Elastic net,1,2012 Q4,2013 Q1,1992 Q4,2012 Q3,0.9817259265515688,0.4069687542279763,0.5747571723235925,0.3303458071374118,0.5747571723235925,0,0.46056961382673073
Ridge,1,2012 Q4,2013 Q1,1992 Q4,2012 Q3,0.9817259265515688,0.5258889242219075,0.4558370023296613,0.20778737269289163,0.4558370023296613,NA,5.573187701637543
Threshold ridge,1,2012 Q4,2013 Q1,1992 Q4,2012 Q3,0.9817259265515688,0.5607122291288417,0.4210136974227271,0.1772525334175556,0.4210136974227271,15,5.573187701637543
Post-threshold ridge,1,2012 Q4,2013 Q1,1992 Q4,2012 Q3,0.9817259265515688,0.9941307956312061,-0.012404869079637337,1.5388077688294248e-4,0.012404869079637337,15,5.573187701637543
OCMT,1,2012 Q4,2013 Q1,1992 Q4,2012 Q3,0.9817259265515688,0.8209907973977647,0.16073512915380406,0.02583578174409007,0.16073512915380406,3,NA
BMT,1,2012 Q4,2013 Q1,1992 Q4,2012 Q3,0.9817259265515688,0.6029002426791918,0.3788256838723769,0.14350889876137404,0.3788256838723769,1,NA
AR,1,2013 Q1,2013 Q2,1993 Q1,2012 Q4,0.26727882651371715,0.7897138607589269,-0.5224350342452098,0.27293836500679347,0.5224350342452098,0,NA
LASSO,1,2013 Q1,2013 Q2,1993 Q1,2012 Q4,0.26727882651371715,0.7897138607589269,-0.5224350342452098,0.27293836500679347,0.5224350342452098,1,0.23335010876006554
Elastic net,1,2013 Q1,2013 Q2,1993 Q1,2012 Q4,0.26727882651371715,0.7897138607589269,-0.5224350342452098,0.27293836500679347,0.5224350342452098,1,0.4667002175201311
Ridge,1,2013 Q1,2013 Q2,1993 Q1,2012 Q4,0.26727882651371715,0.44308684238160506,-0.1758080158678879,0.03090845844340353,0.1758080158678879,NA,2.333501087600669
Threshold ridge,1,2013 Q1,2013 Q2,1993 Q1,2012 Q4,0.26727882651371715,0.48183352396757084,-0.2145546974538537,0.04603371819951469,0.2145546974538537,17,2.333501087600669
Post-threshold ridge,1,2013 Q1,2013 Q2,1993 Q1,2012 Q4,0.26727882651371715,-0.04987332107315658,0.3171521475868737,0.10058548471896613,0.3171521475868737,17,2.333501087600669
OCMT,1,2013 Q1,2013 Q2,1993 Q1,2012 Q4,0.26727882651371715,0.7876354173616393,-0.5203565908479222,0.2707709816388719,0.5203565908479222,3,NA
BMT,1,2013 Q1,2013 Q2,1993 Q1,2012 Q4,0.26727882651371715,0.8043584116540539,-0.5370795851403367,0.2884544807745162,0.5370795851403367,1,NA
AR,1,2013 Q2,2013 Q3,1993 Q2,2013 Q1,0.8477896552497199,0.4800836632069644,0.36770599204275556,0.13520769658414702,0.36770599204275556,0,NA
LASSO,1,2013 Q2,2013 Q3,1993 Q2,2013 Q1,0.8477896552497199,0.4800836632069644,0.36770599204275556,0.13520769658414702,0.36770599204275556,0,0.2317764117889912
Elastic net,1,2013 Q2,2013 Q3,1993 Q2,2013 Q1,0.8477896552497199,0.4800836632069644,0.36770599204275556,0.13520769658414702,0.36770599204275556,0,0.4635528235779823
Ridge,1,2013 Q2,2013 Q3,1993 Q2,2013 Q1,0.8477896552497199,0.6128922192940618,0.23489743595565815,0.05517680541854252,0.23489743595565815,NA,2.317764117889923
Threshold ridge,1,2013 Q2,2013 Q3,1993 Q2,2013 Q1,0.8477896552497199,0.6689681406663986,0.1788215145833213,0.03197713407787299,0.1788215145833213,16,2.317764117889923
Post-threshold ridge,1,2013 Q2,2013 Q3,1993 Q2,2013 Q1,0.8477896552497199,0.8305420675339235,0.017247587715796486,2.9747928201409384e-4,0.017247587715796486,16,2.317764117889923
OCMT,1,2013 Q2,2013 Q3,1993 Q2,2013 Q1,0.8477896552497199,0.6555044251873868,0.1922852300623331,0.03697360970012437,0.1922852300623331,3,NA
BMT,1,2013 Q2,2013 Q3,1993 Q2,2013 Q1,0.8477896552497199,0.4791283671629297,0.3686612880867902,0.13591114533381132,0.3686612880867902,1,NA
AR,1,2013 Q3,2013 Q4,1993 Q3,2013 Q2,0.8679640238263175,0.7293240656373831,0.1386399581889345,0.019221038006629502,0.1386399581889345,0,NA
LASSO,1,2013 Q3,2013 Q4,1993 Q3,2013 Q2,0.8679640238263175,0.7293240656373832,0.13863995818893438,0.01922103800662947,0.13863995818893438,0,0.23152313073927933
Elastic net,1,2013 Q3,2013 Q4,1993 Q3,2013 Q2,0.8679640238263175,0.7293240656373832,0.13863995818893438,0.01922103800662947,0.13863995818893438,0,0.46304626147855865
Ridge,1,2013 Q3,2013 Q4,1993 Q3,2013 Q2,0.8679640238263175,0.580156781966536,0.28780724185978157,0.08283300846693481,0.28780724185978157,NA,2.3152313073928052
Threshold ridge,1,2013 Q3,2013 Q4,1993 Q3,2013 Q2,0.8679640238263175,0.7015764954485184,0.16638752837779913,0.02768480959967291,0.16638752837779913,16,2.3152313073928052
Post-threshold ridge,1,2013 Q3,2013 Q4,1993 Q3,2013 Q2,0.8679640238263175,0.7264677431681973,0.14149628065812025,0.020021197440081535,0.14149628065812025,16,2.3152313073928052
OCMT,1,2013 Q3,2013 Q4,1993 Q3,2013 Q2,0.8679640238263175,0.8780188726265961,-0.010054848800278515,1.010999843964623e-4,0.010054848800278515,3,NA
BMT,1,2013 Q3,2013 Q4,1993 Q3,2013 Q2,0.8679640238263175,0.8396045474595288,0.028359476366788705,8.042598997984471e-4,0.028359476366788705,1,NA
AR,1,2013 Q4,2014 Q1,1993 Q4,2013 Q3,-0.34569281496601434,0.7308597424533227,-1.076552557419337,1.158965408886115,1.076552557419337,0,NA
LASSO,1,2013 Q4,2014 Q1,1993 Q4,2013 Q3,-0.34569281496601434,0.7308597424533229,-1.0765525574193373,1.1589654088861157,1.0765525574193373,1,0.23755653159523651
Elastic net,1,2013 Q4,2014 Q1,1993 Q4,2013 Q3,-0.34569281496601434,0.7308597424533229,-1.0765525574193373,1.1589654088861157,1.0765525574193373,0,0.4751130631904731
Ridge,1,2013 Q4,2014 Q1,1993 Q4,2013 Q3,-0.34569281496601434,0.5121315158810744,-0.8578243308470888,0.7358625825932555,0.8578243308470888,NA,2.3755653159523784
Threshold ridge,1,2013 Q4,2014 Q1,1993 Q4,2013 Q3,-0.34569281496601434,0.5984527934913848,-0.9441456084573991,0.8914109299693924,0.9441456084573991,16,2.3755653159523784
Post-threshold ridge,1,2013 Q4,2014 Q1,1993 Q4,2013 Q3,-0.34569281496601434,0.6036270370124929,-0.9493198519785072,0.9012081813604949,0.9493198519785072,16,2.3755653159523784
OCMT,1,2013 Q4,2014 Q1,1993 Q4,2013 Q3,-0.34569281496601434,0.5927756069506777,-0.938468421916692,0.8807229789348062,0.938468421916692,3,NA
BMT,1,2013 Q4,2014 Q1,1993 Q4,2013 Q3,-0.34569281496601434,0.6394752449969175,-0.9851680599629319,0.970556106371127,0.9851680599629319,1,NA
AR,1,2014 Q1,2014 Q2,1994 Q1,2013 Q4,1.283569022914932,0.21512370614864024,1.0684453167662917,1.1415753949198215,1.0684453167662917,0,NA
LASSO,1,2014 Q1,2014 Q2,1994 Q1,2013 Q4,1.283569022914932,0.21512370614864057,1.0684453167662913,1.1415753949198206,1.0684453167662913,0,0.2414432936270199
Elastic net,1,2014 Q1,2014 Q2,1994 Q1,2013 Q4,1.283569022914932,0.2151237061486406,1.0684453167662913,1.1415753949198206,1.0684453167662913,1,0.4828865872540397
Ridge,1,2014 Q1,2014 Q2,1994 Q1,2013 Q4,1.283569022914932,0.6617636881099569,0.621805334804975,0.3866418743919271,0.621805334804975,NA,2.4144329362702117
Threshold ridge,1,2014 Q1,2014 Q2,1994 Q1,2013 Q4,1.283569022914932,0.723550357647613,0.5600186652673189,0.31362090544778937,0.5600186652673189,18,2.4144329362702117
Post-threshold ridge,1,2014 Q1,2014 Q2,1994 Q1,2013 Q4,1.283569022914932,1.2542679123872549,0.029301110527677032,8.585550781551458e-4,0.029301110527677032,18,2.4144329362702117
OCMT,1,2014 Q1,2014 Q2,1994 Q1,2013 Q4,1.283569022914932,1.1954947973319063,0.08807422558302558,0.007757069212049677,0.08807422558302558,3,NA
BMT,1,2014 Q1,2014 Q2,1994 Q1,2013 Q4,1.283569022914932,0.7743945339276193,0.5091744889873127,0.259258660235491,0.5091744889873127,1,NA
AR,1,2014 Q2,2014 Q3,1994 Q2,2014 Q1,1.2080648325781596,0.8665801380616445,0.3414846945165151,0.11661179658903763,0.3414846945165151,0,NA
LASSO,1,2014 Q2,2014 Q3,1994 Q2,2014 Q1,1.2080648325781596,0.8665801380616447,0.34148469451651486,0.11661179658903748,0.34148469451651486,0,0.26624081456255866
Elastic net,1,2014 Q2,2014 Q3,1994 Q2,2014 Q1,1.2080648325781596,0.8399049926307398,0.36815983994741974,0.13554166775010973,0.36815983994741974,3,0.3670189322251631
Ridge,1,2014 Q2,2014 Q3,1994 Q2,2014 Q1,1.2080648325781596,0.6773195625020252,0.5307452700761344,0.2816905417081888,0.5307452700761344,NA,2.6624081456256
Threshold ridge,1,2014 Q2,2014 Q3,1994 Q2,2014 Q1,1.2080648325781596,0.6646252717076166,0.5434395608705429,0.2953265563191685,0.5434395608705429,17,2.6624081456256
Post-threshold ridge,1,2014 Q2,2014 Q3,1994 Q2,2014 Q1,1.2080648325781596,0.6220298196492976,0.586035012928862,0.3434370363785314,0.586035012928862,17,2.6624081456256
OCMT,1,2014 Q2,2014 Q3,1994 Q2,2014 Q1,1.2080648325781596,0.767749153227141,0.44031567935101856,0.193877897482349,0.44031567935101856,3,NA
BMT,1,2014 Q2,2014 Q3,1994 Q2,2014 Q1,1.2080648325781596,0.7302074103612295,0.47785742221693006,0.22834771596780937,0.47785742221693006,1,NA
AR,1,2014 Q3,2014 Q4,1994 Q3,2014 Q2,0.5044586015433339,0.8547804185543187,-0.35032181701098486,0.12272537547387796,0.35032181701098486,0,NA
LASSO,1,2014 Q3,2014 Q4,1994 Q3,2014 Q2,0.5044586015433339,0.7591374874525316,-0.25467888590919774,0.06486133492795015,0.25467888590919774,1,0.20894278400369765
Elastic net,1,2014 Q3,2014 Q4,1994 Q3,2014 Q2,0.5044586015433339,0.7301189614030047,-0.2256603598596708,0.05092259801199613,0.2256603598596708,3,0.34693594002854866
Ridge,1,2014 Q3,2014 Q4,1994 Q3,2014 Q2,0.5044586015433339,0.5715209884768259,-0.06706238693349198,0.0044973637412173955,0.06706238693349198,NA,2.63655890162044
Threshold ridge,1,2014 Q3,2014 Q4,1994 Q3,2014 Q2,0.5044586015433339,0.6229510583780283,-0.11849245683469445,0.014040462326721927,0.11849245683469445,17,2.63655890162044
Post-threshold ridge,1,2014 Q3,2014 Q4,1994 Q3,2014 Q2,0.5044586015433339,0.34572488128823714,0.15873372025509674,0.02519639394602331,0.15873372025509674,17,2.63655890162044
OCMT,1,2014 Q3,2014 Q4,1994 Q3,2014 Q2,0.5044586015433339,0.5085887939629943,-0.0041301924196603945,1.7058489423420186e-5,0.0041301924196603945,3,NA
BMT,1,2014 Q3,2014 Q4,1994 Q3,2014 Q2,0.5044586015433339,0.39377051164149146,0.11068808990184242,0.012251853246118351,0.11068808990184242,1,NA
AR,1,2014 Q4,2015 Q1,1994 Q4,2014 Q3,0.8964547876924911,0.5718802199837122,0.3245745677087789,0.1053486500033407,0.3245745677087789,0,NA
LASSO,1,2014 Q4,2015 Q1,1994 Q4,2014 Q3,0.8964547876924911,0.6247072025520565,0.2717475851404346,0.07384675002965777,0.2717475851404346,3,0.16589346778496675
Elastic net,1,2014 Q4,2015 Q1,1994 Q4,2014 Q3,0.8964547876924911,0.6102535685301388,0.2862012191623523,0.08191113785001682,0.2862012191623523,5,0.3317869355699335
Ridge,1,2014 Q4,2015 Q1,1994 Q4,2014 Q3,0.8964547876924911,0.4856202082704592,0.4108345794220319,0.16878505164887783,0.4108345794220319,NA,2.641493142816885
Threshold ridge,1,2014 Q4,2015 Q1,1994 Q4,2014 Q3,0.8964547876924911,0.6199490934799767,0.27650569421251436,0.0764553989319445,0.27650569421251436,18,2.641493142816885
Post-threshold ridge,1,2014 Q4,2015 Q1,1994 Q4,2014 Q3,0.8964547876924911,0.6257001605319388,0.2707546271605523,0.0733080681288497,0.2707546271605523,18,2.641493142816885
OCMT,1,2014 Q4,2015 Q1,1994 Q4,2014 Q3,0.8964547876924911,0.7275514462712,0.16890334142129104,0.02852833874327721,0.16890334142129104,4,NA
BMT,1,2014 Q4,2015 Q1,1994 Q4,2014 Q3,0.8964547876924911,0.8100475635572632,0.08640722413522794,0.0074662083827555185,0.08640722413522794,1,NA
AR,1,2015 Q1,2015 Q2,1995 Q1,2014 Q4,0.6174946582536478,0.7331347347123862,-0.11564007645873842,0.013372627283382867,0.11564007645873842,0,NA
LASSO,1,2015 Q1,2015 Q2,1995 Q1,2014 Q4,0.6174946582536478,0.4954932327890324,0.1220014254646154,0.014884347815398106,0.1220014254646154,6,0.14675193791769933
Elastic net,1,2015 Q1,2015 Q2,1995 Q1,2014 Q4,0.6174946582536478,0.5433945922166784,0.07410006603696939,0.005490819786683225,0.07410006603696939,7,0.28016367170294637
Ridge,1,2015 Q1,2015 Q2,1995 Q1,2014 Q4,0.6174946582536478,0.7571479584928794,-0.13965330023923161,0.01950304426770897,0.13965330023923161,NA,2.6866439045346278
Threshold ridge,1,2015 Q1,2015 Q2,1995 Q1,2014 Q4,0.6174946582536478,0.7048917385579105,-0.08739708030426274,0.00763824964570975,0.08739708030426274,16,2.6866439045346278
Post-threshold ridge,1,2015 Q1,2015 Q2,1995 Q1,2014 Q4,0.6174946582536478,0.5827392218299176,0.034755436423730246,0.001207940361003955,0.034755436423730246,16,2.6866439045346278
OCMT,1,2015 Q1,2015 Q2,1995 Q1,2014 Q4,0.6174946582536478,0.23884670156295829,0.3786479566906895,0.1433742751060343,0.3786479566906895,4,NA
BMT,1,2015 Q1,2015 Q2,1995 Q1,2014 Q4,0.6174946582536478,0.10045508811434667,0.5170395701393011,0.2673299170898333,0.5170395701393011,1,NA
AR,1,2015 Q2,2015 Q3,1995 Q2,2015 Q1,0.3994462115690211,0.6262341168649214,-0.22678790529590026,0.05143275398850222,0.22678790529590026,0,NA
LASSO,1,2015 Q2,2015 Q3,1995 Q2,2015 Q1,0.3994462115690211,0.45208159476325804,-0.05263538319423694,0.0027704835640041604,0.05263538319423694,6,0.15261061678645882
Elastic net,1,2015 Q2,2015 Q3,1995 Q2,2015 Q1,0.3994462115690211,0.4943054211057498,-0.09485920953672872,0.008998269633933005,0.09485920953672872,7,0.30522123357291764
Ridge,1,2015 Q2,2015 Q3,1995 Q2,2015 Q1,0.3994462115690211,0.4173521869965075,-0.017905975427486398,3.206239560097467e-4,0.017905975427486398,NA,2.666913869770274
Threshold ridge,1,2015 Q2,2015 Q3,1995 Q2,2015 Q1,0.3994462115690211,0.5114135423580963,-0.11196733078907523,0.012536683164030194,0.11196733078907523,18,2.666913869770274
Post-threshold ridge,1,2015 Q2,2015 Q3,1995 Q2,2015 Q1,0.3994462115690211,0.165876986724229,0.23356922484479212,0.05455458279459705,0.23356922484479212,18,2.666913869770274
OCMT,1,2015 Q2,2015 Q3,1995 Q2,2015 Q1,0.3994462115690211,0.2921606057831646,0.1072856057858565,0.011510201208838205,0.1072856057858565,3,NA
BMT,1,2015 Q2,2015 Q3,1995 Q2,2015 Q1,0.3994462115690211,0.21486355622801834,0.18458265534100277,0.034070756652735415,0.18458265534100277,1,NA
AR,1,2015 Q3,2015 Q4,1995 Q3,2015 Q2,0.18430917271050615,0.5342461517980049,-0.34993697908749877,0.12245588933288455,0.34993697908749877,0,NA
LASSO,1,2015 Q3,2015 Q4,1995 Q3,2015 Q2,0.18430917271050615,0.46973414926210627,-0.28542497655160015,0.08146741723948149,0.28542497655160015,3,0.17446097500546573
Elastic net,1,2015 Q3,2015 Q4,1995 Q3,2015 Q2,0.18430917271050615,0.4873081871604774,-0.30299901444997124,0.09180840275765388,0.30299901444997124,5,0.3330629088783722
Ridge,1,2015 Q3,2015 Q4,1995 Q3,2015 Q2,0.18430917271050615,0.4250060020744109,-0.24069682936390477,0.05793496366583669,0.24069682936390477,NA,2.6516516945358335
Threshold ridge,1,2015 Q3,2015 Q4,1995 Q3,2015 Q2,0.18430917271050615,0.5534391147384609,-0.3691299420279547,0.13625691410156118,0.3691299420279547,18,2.6516516945358335
Post-threshold ridge,1,2015 Q3,2015 Q4,1995 Q3,2015 Q2,0.18430917271050615,0.2714636466363452,-0.08715447392583905,0.007595902325289759,0.08715447392583905,18,2.6516516945358335
OCMT,1,2015 Q3,2015 Q4,1995 Q3,2015 Q2,0.18430917271050615,0.4143304229752491,-0.23002125026474293,0.0529097755733555,0.23002125026474293,3,NA
BMT,1,2015 Q3,2015 Q4,1995 Q3,2015 Q2,0.18430917271050615,0.3410436888305545,-0.15673451612004838,0.024565708543385707,0.15673451612004838,1,NA
AR,1,2015 Q4,2016 Q1,1995 Q4,2015 Q3,0.5778466518471248,0.44541655145168496,0.13243010039543984,0.017537731490746274,0.13243010039543984,0,NA
LASSO,1,2015 Q4,2016 Q1,1995 Q4,2015 Q3,0.5778466518471248,0.3095465975845936,0.26830005426253123,0.0719849191172772,0.26830005426253123,3,0.17937858616848576
Elastic net,1,2015 Q4,2016 Q1,1995 Q4,2015 Q3,0.5778466518471248,0.36103504949183934,0.21681160235528546,0.04700727091586642,0.21681160235528546,3,0.3937355537516058
Ridge,1,2015 Q4,2016 Q1,1995 Q4,2015 Q3,0.5778466518471248,0.5933035538490111,-0.015456902001886319,2.389158194959173e-4,0.015456902001886319,NA,2.726395011619106
Threshold ridge,1,2015 Q4,2016 Q1,1995 Q4,2015 Q3,0.5778466518471248,0.6582240968075871,-0.08037744496046229,0.006460533658372144,0.08037744496046229,18,2.726395011619106
Post-threshold ridge,1,2015 Q4,2016 Q1,1995 Q4,2015 Q3,0.5778466518471248,1.130260770012983,-0.5524141181658582,0.3051613579489627,0.5524141181658582,18,2.726395011619106
OCMT,1,2015 Q4,2016 Q1,1995 Q4,2015 Q3,0.5778466518471248,0.19911791976916432,0.3787287320779605,0.14343545250137957,0.3787287320779605,3,NA
BMT,1,2015 Q4,2016 Q1,1995 Q4,2015 Q3,0.5778466518471248,-0.024479698266945404,0.6023263501140702,0.36279703204173747,0.6023263501140702,1,NA
AR,1,2016 Q1,2016 Q2,1996 Q1,2015 Q4,0.32060956626729364,0.599917452510098,-0.27930788624280434,0.07801289531742332,0.27930788624280434,0,NA
LASSO,1,2016 Q1,2016 Q2,1996 Q1,2015 Q4,0.32060956626729364,0.361909031604159,-0.04129946533686535,0.0017056458371109424,0.04129946533686535,4,0.15951928090035786
Elastic net,1,2016 Q1,2016 Q2,1996 Q1,2015 Q4,0.32060956626729364,0.4287479212671461,-0.10813835499985247,0.011693903822074117,0.10813835499985247,5,0.3342298230897888
Ridge,1,2016 Q1,2016 Q2,1996 Q1,2015 Q4,0.32060956626729364,0.5670542287779716,-0.24644466251067798,0.06073497168000197,0.24644466251067798,NA,2.660941981636553
Threshold ridge,1,2016 Q1,2016 Q2,1996 Q1,2015 Q4,0.32060956626729364,0.5464569416735894,-0.22584737540629574,0.05100703697791228,0.22584737540629574,17,2.660941981636553
Post-threshold ridge,1,2016 Q1,2016 Q2,1996 Q1,2015 Q4,0.32060956626729364,0.2974086846402436,0.02320088162705003,5.382809082723877e-4,0.02320088162705003,17,2.660941981636553
OCMT,1,2016 Q1,2016 Q2,1996 Q1,2015 Q4,0.32060956626729364,0.2323687072998089,0.08824085896748474,0.007786449191319531,0.08824085896748474,3,NA
BMT,1,2016 Q1,2016 Q2,1996 Q1,2015 Q4,0.32060956626729364,-0.04768521036484227,0.36829477663213595,0.13564104249451492,0.36829477663213595,2,NA
AR,1,2016 Q2,2016 Q3,1996 Q2,2016 Q1,0.7068859191104337,0.48492681866685394,0.2219591004435798,0.04926584226972315,0.2219591004435798,0,NA
LASSO,1,2016 Q2,2016 Q3,1996 Q2,2016 Q1,0.7068859191104337,0.48492681866685416,0.22195910044357958,0.04926584226972305,0.22195910044357958,1,0.2502910354510571
Elastic net,1,2016 Q2,2016 Q3,1996 Q2,2016 Q1,0.7068859191104337,0.48492681866685416,0.22195910044357958,0.04926584226972305,0.22195910044357958,1,0.5005820709021142
Ridge,1,2016 Q2,2016 Q3,1996 Q2,2016 Q1,0.7068859191104337,0.6243449944470493,0.08254092466338447,0.006813004244286511,0.08254092466338447,NA,2.502910354510586
Threshold ridge,1,2016 Q2,2016 Q3,1996 Q2,2016 Q1,0.7068859191104337,0.6067888101950794,0.1000971089153544,0.01001943121321232,0.1000971089153544,16,2.502910354510586
Post-threshold ridge,1,2016 Q2,2016 Q3,1996 Q2,2016 Q1,0.7068859191104337,0.579843332235807,0.12704258687462677,0.01613981887979709,0.12704258687462677,16,2.502910354510586
OCMT,1,2016 Q2,2016 Q3,1996 Q2,2016 Q1,0.7068859191104337,0.5639799261356063,0.14290599297482742,0.020422122828121423,0.14290599297482742,4,NA
BMT,1,2016 Q2,2016 Q3,1996 Q2,2016 Q1,0.7068859191104337,0.2932596726377653,0.41362624647266844,0.17108667177106865,0.41362624647266844,2,NA
AR,1,2016 Q3,2016 Q4,1996 Q3,2016 Q2,0.5527685286210726,0.6382916723896335,-0.08552314376856085,0.007314208120057929,0.08552314376856085,0,NA
LASSO,1,2016 Q3,2016 Q4,1996 Q3,2016 Q2,0.5527685286210726,0.6382916723896337,-0.08552314376856107,0.007314208120057966,0.08552314376856107,1,0.24968356356933505
Elastic net,1,2016 Q3,2016 Q4,1996 Q3,2016 Q2,0.5527685286210726,0.6382916723896337,-0.08552314376856107,0.007314208120057966,0.08552314376856107,1,0.49936712713867004
Ridge,1,2016 Q3,2016 Q4,1996 Q3,2016 Q2,0.5527685286210726,0.6856594825451202,-0.1328909539240476,0.01766000563484334,0.1328909539240476,NA,2.496835635693363
Threshold ridge,1,2016 Q3,2016 Q4,1996 Q3,2016 Q2,0.5527685286210726,0.6886642737777384,-0.1358957451566658,0.01846765355168546,0.1358957451566658,16,2.496835635693363
Post-threshold ridge,1,2016 Q3,2016 Q4,1996 Q3,2016 Q2,0.5527685286210726,0.7812165200281921,-0.22844799140711947,0.05218848477794733,0.22844799140711947,16,2.496835635693363
OCMT,1,2016 Q3,2016 Q4,1996 Q3,2016 Q2,0.5527685286210726,0.6429369750801344,-0.09016844645906175,0.008130348736840685,0.09016844645906175,4,NA
BMT,1,2016 Q3,2016 Q4,1996 Q3,2016 Q2,0.5527685286210726,0.5540331655731292,-0.0012646369520565859,1.5993066205069714e-6,0.0012646369520565859,2,NA
AR,1,2016 Q4,2017 Q1,1996 Q4,2016 Q3,0.48570873310360696,0.5736057734697341,-0.08789704036612711,0.007725889705124579,0.08789704036612711,0,NA
LASSO,1,2016 Q4,2017 Q1,1996 Q4,2016 Q3,0.48570873310360696,0.5736057734697343,-0.08789704036612733,0.007725889705124618,0.08789704036612733,1,0.24901162040883876
Elastic net,1,2016 Q4,2017 Q1,1996 Q4,2016 Q3,0.48570873310360696,0.5736057734697343,-0.08789704036612733,0.007725889705124618,0.08789704036612733,0,0.49802324081767757
Ridge,1,2016 Q4,2017 Q1,1996 Q4,2016 Q3,0.48570873310360696,0.570826875152676,-0.08511814204906909,0.007245098105885504,0.08511814204906909,NA,2.490116204088401
Threshold ridge,1,2016 Q4,2017 Q1,1996 Q4,2016 Q3,0.48570873310360696,0.674415623340768,-0.18870689023716103,0.03561029042297994,0.18870689023716103,17,2.490116204088401
Post-threshold ridge,1,2016 Q4,2017 Q1,1996 Q4,2016 Q3,0.48570873310360696,0.6739342181563642,-0.18822548505275727,0.03542883322334575,0.18822548505275727,17,2.490116204088401
OCMT,1,2016 Q4,2017 Q1,1996 Q4,2016 Q3,0.48570873310360696,0.5457198650329956,-0.06001113192938867,0.0036013359554464925,0.06001113192938867,4,NA
BMT,1,2016 Q4,2017 Q1,1996 Q4,2016 Q3,0.48570873310360696,0.2831186430710935,0.20259009003251344,0.0410427445793819,0.20259009003251344,2,NA
AR,1,2017 Q1,2017 Q2,1997 Q1,2016 Q4,0.5583111012978037,0.5479942892032003,0.010316812094603445,1.0643661179535592e-4,0.010316812094603445,0,NA
LASSO,1,2017 Q1,2017 Q2,1997 Q1,2016 Q4,0.5583111012978037,0.5479942892032004,0.010316812094603334,1.0643661179535363e-4,0.010316812094603334,0,0.25230469412979645
Elastic net,1,2017 Q1,2017 Q2,1997 Q1,2016 Q4,0.5583111012978037,0.5479942892032004,0.010316812094603334,1.0643661179535363e-4,0.010316812094603334,0,0.5046093882595929
Ridge,1,2017 Q1,2017 Q2,1997 Q1,2016 Q4,0.5583111012978037,0.52756530185062,0.030745799447183697,9.453041836464414e-4,0.030745799447183697,NA,2.523046941297974
Threshold ridge,1,2017 Q1,2017 Q2,1997 Q1,2016 Q4,0.5583111012978037,0.6118714436505956,-0.053560342352791945,0.0028687102729482786,0.053560342352791945,17,2.523046941297974
Post-threshold ridge,1,2017 Q1,2017 Q2,1997 Q1,2016 Q4,0.5583111012978037,0.586655140626937,-0.02834403932913332,8.033845654914564e-4,0.02834403932913332,17,2.523046941297974
OCMT,1,2017 Q1,2017 Q2,1997 Q1,2016 Q4,0.5583111012978037,0.4678510554350683,0.09046004586273543,0.008183019897488196,0.09046004586273543,4,NA
BMT,1,2017 Q1,2017 Q2,1997 Q1,2016 Q4,0.5583111012978037,0.25677066869969284,0.30154043259811086,0.09092663249145584,0.30154043259811086,2,NA
AR,1,2017 Q2,2017 Q3,1997 Q2,2017 Q1,0.785431525684821,0.5631671909244266,0.22226433476039442,0.04940143450648068,0.22226433476039442,0,NA
LASSO,1,2017 Q2,2017 Q3,1997 Q2,2017 Q1,0.785431525684821,0.5669711353201542,0.2184603903646668,0.0477249421582826,0.2184603903646668,3,0.18474034780360332
Elastic net,1,2017 Q2,2017 Q3,1997 Q2,2017 Q1,0.785431525684821,0.5667038558923309,0.21872766979249014,0.0478417935328526,0.21872766979249014,3,0.36948069560720664
Ridge,1,2017 Q2,2017 Q3,1997 Q2,2017 Q1,0.785431525684821,0.662758764565277,0.12267276111954395,0.015048606320692694,0.12267276111954395,NA,2.331158794559885
Threshold ridge,1,2017 Q2,2017 Q3,1997 Q2,2017 Q1,0.785431525684821,0.6094590951196799,0.1759724305651411,0.03096629631900341,0.1759724305651411,15,2.331158794559885
Post-threshold ridge,1,2017 Q2,2017 Q3,1997 Q2,2017 Q1,0.785431525684821,0.604920305234136,0.18051122045068502,0.032584300708595804,0.18051122045068502,15,2.331158794559885
OCMT,1,2017 Q2,2017 Q3,1997 Q2,2017 Q1,0.785431525684821,0.6413847576379738,0.14404676804684724,0.020749471384742212,0.14404676804684724,4,NA
BMT,1,2017 Q2,2017 Q3,1997 Q2,2017 Q1,0.785431525684821,0.5459726339568692,0.23945889172795176,0.05734056082757893,0.23945889172795176,2,NA
AR,1,2017 Q3,2017 Q4,1997 Q3,2017 Q2,1.1207427769393874,0.647959802348969,0.4727829745904184,0.2235237410625642,0.4727829745904184,0,NA
LASSO,1,2017 Q3,2017 Q4,1997 Q3,2017 Q2,1.1207427769393874,0.5821697357211063,0.5385730412182811,0.2900609207271083,0.5385730412182811,3,0.1771291595367136
Elastic net,1,2017 Q3,2017 Q4,1997 Q3,2017 Q2,1.1207427769393874,0.5984169003105972,0.5223258766287902,0.27282432139603413,0.5223258766287902,3,0.3542583190734272
Ridge,1,2017 Q3,2017 Q4,1997 Q3,2017 Q2,1.1207427769393874,0.5069954272760979,0.6137473496632895,0.37668580921871214,0.6137473496632895,NA,2.3415432458478667
Threshold ridge,1,2017 Q3,2017 Q4,1997 Q3,2017 Q2,1.1207427769393874,0.5272545361510824,0.593488240788305,0.3522282919539971,0.593488240788305,16,2.3415432458478667
Post-threshold ridge,1,2017 Q3,2017 Q4,1997 Q3,2017 Q2,1.1207427769393874,0.3057788600909151,0.8149639168484724,0.6641661857650037,0.8149639168484724,16,2.3415432458478667
OCMT,1,2017 Q3,2017 Q4,1997 Q3,2017 Q2,1.1207427769393874,0.37608601374663797,0.7446567631927494,0.5545136949687025,0.7446567631927494,4,NA
BMT,1,2017 Q3,2017 Q4,1997 Q3,2017 Q2,1.1207427769393874,0.3490696308647785,0.7716731460746089,0.5954794443726847,0.7716731460746089,2,NA
AR,1,2017 Q4,2018 Q1,1997 Q4,2017 Q3,0.8101194549169577,0.78060709964320385,0.029512355273753843,8.709791138042663e-4,0.029512355273753843,0,NA
LASSO,1,2017 Q4,2018 Q1,1997 Q4,2017 Q3,0.8101194549169577,0.7806070996432036,0.029512355273754065,8.709791138042794e-4,0.029512355273754065,0,0.2304095879754927
Elastic net,1,2017 Q4,2018 Q1,1997 Q4,2017 Q3,0.8101194549169577,0.7806070996432036,0.029512355273754065,8.709791138042794e-4,0.029512355273754065,0,0.46081917595098537
Ridge,1,2017 Q4,2018 Q1,1997 Q4,2017 Q3,0.8101194549169577,0.8647917788609177,-0.054672323943960044,0.0029890630054333067,0.054672323943960044,NA,2.3040958797549367
Threshold ridge,1,2017 Q4,2018 Q1,1997 Q4,2017 Q3,0.8101194549169577,0.7724429968711867,0.03767645804577102,0.001419515490874744,0.03767645804577102,16,2.3040958797549367
Post-threshold ridge,1,2017 Q4,2018 Q1,1997 Q4,2017 Q3,0.8101194549169577,1.0921506235750718,-0.28203116865811406,0.07954158009466158,0.28203116865811406,16,2.3040958797549367
OCMT,1,2017 Q4,2018 Q1,1997 Q4,2017 Q3,0.8101194549169577,0.6015631574548743,0.20855629746208337,0.043495729211093,0.20855629746208337,4,NA
BMT,1,2017 Q4,2018 Q1,1997 Q4,2017 Q3,0.8101194549169577,0.6337922578407207,0.176327197076237,0.031091280428762125,0.176327197076237,2,NA
AR,1,2018 Q1,2018 Q2,1998 Q1,2017 Q4,0.5294212303768475,0.6591687132181469,-0.12974748284129933,0.016834409303653264,0.12974748284129933,0,NA
LASSO,1,2018 Q1,2018 Q2,1998 Q1,2017 Q4,0.5294212303768475,0.659168713218147,-0.12974748284129944,0.016834409303653295,0.12974748284129944,0,0.22912329938434967
Elastic net,1,2018 Q1,2018 Q2,1998 Q1,2017 Q4,0.5294212303768475,0.659168713218147,-0.12974748284129944,0.016834409303653295,0.12974748284129944,0,0.4582465987686994
Ridge,1,2018 Q1,2018 Q2,1998 Q1,2017 Q4,0.5294212303768475,0.5973156919282094,-0.06789446155136192,0.004609657909349362,0.06789446155136192,NA,2.291232993843508
Threshold ridge,1,2018 Q1,2018 Q2,1998 Q1,2017 Q4,0.5294212303768475,0.6188397641002393,-0.08941853372339181,0.007995674173241358,0.08941853372339181,17,2.291232993843508
Post-threshold ridge,1,2018 Q1,2018 Q2,1998 Q1,2017 Q4,0.5294212303768475,0.636562782459376,-0.10714155208252851,0.01147931218265317,0.10714155208252851,17,2.291232993843508
OCMT,1,2018 Q1,2018 Q2,1998 Q1,2017 Q4,0.5294212303768475,0.8032797791632725,-0.273858548786425,0.07499850474340673,0.273858548786425,5,NA
BMT,1,2018 Q1,2018 Q2,1998 Q1,2017 Q4,0.5294212303768475,0.7762853218453855,-0.24686409146853794,0.060941879656586664,0.24686409146853794,2,NA
AR,1,2018 Q2,2018 Q3,1998 Q2,2018 Q1,0.621760482522582,0.5500714850457863,0.07168899747679569,0.005139312359228019,0.07168899747679569,0,NA
LASSO,1,2018 Q2,2018 Q3,1998 Q2,2018 Q1,0.621760482522582,0.5500714850457863,0.07168899747679569,0.005139312359228019,0.07168899747679569,0,0.22778111976760784
Elastic net,1,2018 Q2,2018 Q3,1998 Q2,2018 Q1,0.621760482522582,0.5500714850457863,0.07168899747679569,0.005139312359228019,0.07168899747679569,0,0.45556223953521563
Ridge,1,2018 Q2,2018 Q3,1998 Q2,2018 Q1,0.621760482522582,0.6309808073856772,-0.009220324863095208,8.501439058101168e-5,0.009220324863095208,NA,2.27781119767609
Threshold ridge,1,2018 Q2,2018 Q3,1998 Q2,2018 Q1,0.621760482522582,0.5626418996757548,0.05911858284682714,0.003495006837817164,0.05911858284682714,17,2.27781119767609
Post-threshold ridge,1,2018 Q2,2018 Q3,1998 Q2,2018 Q1,0.621760482522582,0.44244969228341635,0.17931079023916563,0.032152359496194056,0.17931079023916563,17,2.27781119767609
OCMT,1,2018 Q2,2018 Q3,1998 Q2,2018 Q1,0.621760482522582,0.4244894851421758,0.19727099738040615,0.038915846407460215,0.19727099738040615,5,NA
BMT,1,2018 Q2,2018 Q3,1998 Q2,2018 Q1,0.621760482522582,0.2257197487017814,0.3960407338208006,0.15684826284531822,0.3960407338208006,2,NA
AR,1,2018 Q3,2018 Q4,1998 Q3,2018 Q2,0.14154399831838305,0.5779009777366699,-0.4363569794182869,0.19040741348705123,0.4363569794182869,0,NA
LASSO,1,2018 Q3,2018 Q4,1998 Q3,2018 Q2,0.14154399831838305,0.5779009777366699,-0.4363569794182869,0.19040741348705123,0.4363569794182869,1,0.2317897822668804
Elastic net,1,2018 Q3,2018 Q4,1998 Q3,2018 Q2,0.14154399831838305,0.5779009777366699,-0.4363569794182869,0.19040741348705123,0.4363569794182869,0,0.4635795645337609
Ridge,1,2018 Q3,2018 Q4,1998 Q3,2018 Q2,0.14154399831838305,0.5819048153688526,-0.4403608170504696,0.19391764919335716,0.4403608170504696,NA,2.3178978226688174
Threshold ridge,1,2018 Q3,2018 Q4,1998 Q3,2018 Q2,0.14154399831838305,0.6706834859385551,-0.529139487620172,0.2799885973589382,0.529139487620172,14,2.3178978226688174
Post-threshold ridge,1,2018 Q3,2018 Q4,1998 Q3,2018 Q2,0.14154399831838305,1.0261824031275018,-0.8846384048091187,0.7825851072632222,0.8846384048091187,14,2.3178978226688174
OCMT,1,2018 Q3,2018 Q4,1998 Q3,2018 Q2,0.14154399831838305,0.7864080172398467,-0.6448640189214636,0.41584960289954176,0.6448640189214636,4,NA
BMT,1,2018 Q3,2018 Q4,1998 Q3,2018 Q2,0.14154399831838305,0.5822996957267952,-0.44075569740841214,0.19426558479797576,0.44075569740841214,1,NA
AR,1,2018 Q4,2019 Q1,1998 Q4,2018 Q3,0.6223772907267389,0.3959524233138352,0.22642486741290369,0.05126822058295101,0.22642486741290369,0,NA
LASSO,1,2018 Q4,2019 Q1,1998 Q4,2018 Q3,0.6223772907267389,0.3959524233138354,0.22642486741290346,0.05126822058295091,0.22642486741290346,0,0.23800640090539002
Elastic net,1,2018 Q4,2019 Q1,1998 Q4,2018 Q3,0.6223772907267389,0.3959524233138354,0.22642486741290346,0.05126822058295091,0.22642486741290346,0,0.47601280181078004
Ridge,1,2018 Q4,2019 Q1,1998 Q4,2018 Q3,0.6223772907267389,0.26095465086907316,0.3614226398576657,0.13062632460168394,0.3614226398576657,NA,2.3800640090539114
Threshold ridge,1,2018 Q4,2019 Q1,1998 Q4,2018 Q3,0.6223772907267389,0.37963857802184664,0.24273871270489222,0.058922082645628204,0.24273871270489222,15,2.3800640090539114
Post-threshold ridge,1,2018 Q4,2019 Q1,1998 Q4,2018 Q3,0.6223772907267389,0.1849103877484622,0.4374669029782767,0.19137729120140493,0.4374669029782767,15,2.3800640090539114
OCMT,1,2018 Q4,2019 Q1,1998 Q4,2018 Q3,0.6223772907267389,0.42129290259787,0.20108438812886886,0.04043493114916158,0.20108438812886886,6,NA
BMT,1,2018 Q4,2019 Q1,1998 Q4,2018 Q3,0.6223772907267389,0.5002541725223215,0.12212311820441735,0.014914055999970092,0.12212311820441735,1,NA
AR,1,2019 Q1,2019 Q2,1999 Q1,2018 Q4,0.8316777932895647,0.5634725226895501,0.26820527060001464,0.07193406717762708,0.26820527060001464,0,NA
LASSO,1,2019 Q1,2019 Q2,1999 Q1,2018 Q4,0.8316777932895647,0.5634725226895503,0.2682052706000144,0.07193406717762696,0.2682052706000144,0,0.23951047205723416
Elastic net,1,2019 Q1,2019 Q2,1999 Q1,2018 Q4,0.8316777932895647,0.5634725226895503,0.2682052706000144,0.07193406717762696,0.2682052706000144,0,0.4790209441144684
Ridge,1,2019 Q1,2019 Q2,1999 Q1,2018 Q4,0.8316777932895647,0.4215261309323078,0.4101516623572569,0.16822438613442128,0.4101516623572569,NA,2.3951047205723524
Threshold ridge,1,2019 Q1,2019 Q2,1999 Q1,2018 Q4,0.8316777932895647,0.5634586638954608,0.26821912939410386,0.07194150137293102,0.26821912939410386,15,2.3951047205723524
Post-threshold ridge,1,2019 Q1,2019 Q2,1999 Q1,2018 Q4,0.8316777932895647,0.4991972746395014,0.3324805186500633,0.11054329528181508,0.3324805186500633,15,2.3951047205723524
OCMT,1,2019 Q1,2019 Q2,1999 Q1,2018 Q4,0.8316777932895647,0.31408689552582386,0.5175908977637409,0.2679003374478753,0.5175908977637409,5,NA
BMT,1,2019 Q1,2019 Q2,1999 Q1,2018 Q4,0.8316777932895647,0.5517920305631485,0.2798857627264162,0.07833604017694774,0.2798857627264162,1,NA
AR,1,2019 Q2,2019 Q3,1999 Q2,2019 Q1,1.1632102580909631,0.635453094259178,0.5277571638317852,0.27852762397576974,0.5277571638317852,0,NA
LASSO,1,2019 Q2,2019 Q3,1999 Q2,2019 Q1,1.1632102580909631,0.6354530942591781,0.5277571638317851,0.27852762397576963,0.5277571638317851,0,0.23959322075441292
Elastic net,1,2019 Q2,2019 Q3,1999 Q2,2019 Q1,1.1632102580909631,0.6354530942591781,0.5277571638317851,0.27852762397576963,0.5277571638317851,0,0.4791864415088258
Ridge,1,2019 Q2,2019 Q3,1999 Q2,2019 Q1,1.1632102580909631,0.5175078417133859,0.6457024163775772,0.41693161051584204,0.6457024163775772,NA,2.39593220754414
Threshold ridge,1,2019 Q2,2019 Q3,1999 Q2,2019 Q1,1.1632102580909631,0.5459890066256875,0.6172212514652756,0.380962073260361,0.6172212514652756,15,2.39593220754414
Post-threshold ridge,1,2019 Q2,2019 Q3,1999 Q2,2019 Q1,1.1632102580909631,0.5739738766048583,0.5892363814861048,0.3471995132668384,0.5892363814861048,15,2.39593220754414
OCMT,1,2019 Q2,2019 Q3,1999 Q2,2019 Q1,1.1632102580909631,0.7782475244742004,0.3849627336167627,0.1481963062736906,0.3849627336167627,5,NA
BMT,1,2019 Q2,2019 Q3,1999 Q2,2019 Q1,1.1632102580909631,0.574209272122076,0.5890009859688872,0.34692216147232124,0.5890009859688872,1,NA
AR,1,2019 Q3,2019 Q4,1999 Q3,2019 Q2,0.6795635968053659,0.7446126216362807,-0.06504902483091479,0.004231375631452969,0.06504902483091479,0,NA
LASSO,1,2019 Q3,2019 Q4,1999 Q3,2019 Q2,0.6795635968053659,0.744612621636281,-0.06504902483091501,0.004231375631452998,0.06504902483091501,1,0.24128144122838016
Elastic net,1,2019 Q3,2019 Q4,1999 Q3,2019 Q2,0.6795635968053659,0.744612621636281,-0.06504902483091501,0.004231375631452998,0.06504902483091501,1,0.4825628824567603
Ridge,1,2019 Q3,2019 Q4,1999 Q3,2019 Q2,0.6795635968053659,0.6419882919327904,0.03757530487257554,0.0014119035362669993,0.03757530487257554,NA,2.4128144122838124
Threshold ridge,1,2019 Q3,2019 Q4,1999 Q3,2019 Q2,0.6795635968053659,0.6011103555179723,0.07845324128739362,0.006154911068498002,0.07845324128739362,15,2.4128144122838124
Post-threshold ridge,1,2019 Q3,2019 Q4,1999 Q3,2019 Q2,0.6795635968053659,0.8996573994759184,-0.22009380267055245,0.048441281973984084,0.22009380267055245,15,2.4128144122838124
OCMT,1,2019 Q3,2019 Q4,1999 Q3,2019 Q2,0.6795635968053659,0.48139497451751645,0.19816862228784948,0.039270802859464354,0.19816862228784948,4,NA
BMT,1,2019 Q3,2019 Q4,1999 Q3,2019 Q2,0.6795635968053659,0.44779676545217895,0.23176683135318699,0.05371586411549662,0.23176683135318699,1,NA
